arg-id,comment-id,argument
A321_0,321,AIシステムの利点とリスクは公平に分配すべきであり、少数のグループに集中すべきではない
A341_0,341,AIは民主主義の原則に沿うべきだが、西洋の民主主義に限定されるべきではない
A341_1,341,AIは世界中の民主主義に沿うべきだ
A340_0,340,AIと環境に関する公衆認識、教育、参加を向上する必要がある
A339_0,339,AIは人間の監督なしに重要な環境決定を自動化または制御すべきではない
A338_0,338,AIシステムは効率と利益だけでなく、正義、エンパワーメント、環境保護を促進すべき
A337_0,337,変革的なAIアプリケーションの開発と展開には、速さではなく慎重さと注意が導くべき
A336_0,336,AI governance frameworks must include environmental representatives
A336_1,336,AI governance frameworks must consider ecological impacts
A335_0,335,AI researchers and developers have an ethical responsibility to consider the environmental impacts of their work.
A334_0,334,AIを活用して人類の環境負荷を監視し、モデル化し、最終的に削減するべき
A333_0,333,AIシステムの環境フットプリントを理解するために包括的なライフサイクルアセスメントを実施すべき
A332_0,332,AI開発はイノベーションを促進し、地理的または経済的な障壁に関係なく利点が全てにアクセス可能であることを確認すべき
A331_0,331,AIシステムは持続可能性を考慮して設計・展開すべき
A331_1,331,エネルギー利用や材料・廃棄物などの環境影響を考慮すべき
