comment-id,comment-body,source
1,We need more investment in renewable energy to combat climate change.,Google Form
2,Expanding childcare support is essential to address the declining birthrate.,Google Form
3,Promote startup ecosystems to drive innovation and global competitiveness.,X API
4,Enhancing digital infrastructure will bridge the urban-rural divide.,X API
5,AI adoption in healthcare can improve outcomes but privacy must be prioritized.,Google Form
6,Preserving cultural heritage is key for strengthening national identity.,Google Form
7,Focus on disaster resilience by upgrading infrastructure to withstand earthquakes.,X API
8,Support foreign workers by improving visa policies and integration programs.,X API
9,Public transportation should be more accessible and environmentally friendly.,X API
10,Encourage STEM education to prepare future generations for technological challenges.,Google Form
11,Address income inequality through fair taxation and social programs.,X API
12,We should prioritize sustainable agriculture to increase food security.,Google Form
13,Strengthening cybersecurity is crucial for protecting national infrastructure.,X API
14,Enhancing mental health services will improve societal well-being.,Google Form
15,Promote gender equality in leadership roles to build a fairer society.,X API
16,Invest in clean water infrastructure for rural and underserved communities.,X API
17,Climate change policies should include reforestation and reducing emissions.,Google Form
18,Developing smart cities will improve urban living and reduce pollution.,X API
19,More international collaborations are needed to tackle global issues like pandemics.,Google Form
20,Ensure free and fair access to education to empower future leaders.,Google Form
